Customer_ID,City,Order_Count,Total_Spent,Latitude,Longitude
CUST_1,Edmonton,3,162.0,53.535109576086086,-113.49747141994305
CUST_2,Montreal,4,85.44,45.4811646072251,-73.57694857528008
CUST_3,Ottawa,3,137.13,45.41420536921363,-75.69033165982148
CUST_4,Edmonton,6,155.97,53.55500160460435,-113.48765399783338
CUST_5,Calgary,8,156.1,51.04495583126098,-114.0852086840102
CUST_6,Halifax,4,128.58,44.66295682581011,-63.57879287954227
CUST_7,Ottawa,1,149.37,45.44684259071171,-75.71038504537039
CUST_8,Ottawa,3,94.03,45.41415408126644,-75.71129036907631
CUST_9,Edmonton,0,123.32,53.536552655159674,-113.52842095663455
CUST_10,Vancouver,0,101.32,49.301883553073246,-123.12535620507363
CUST_11,Calgary,2,90.65,51.0654739457748,-114.1059272653216
CUST_12,Edmonton,4,121.44,53.56093581736206,-113.5030793137268
CUST_13,Calgary,1,133.9,51.02568942386522,-114.08413689291756
CUST_14,Calgary,5,166.54,51.05318610131003,-114.0508450988547
CUST_15,Halifax,3,130.61,44.650953412080945,-63.59553769612619
CUST_16,Ottawa,0,145.68,45.44258057882699,-75.7124167276963
CUST_17,Montreal,4,146.13,45.490231558209246,-73.57488648278384
CUST_18,Halifax,1,227.5,44.615431794177,-63.58684187303006
CUST_19,Halifax,6,47.6,44.66256873600761,-63.547853904051564
CUST_20,Calgary,3,92.48,50.99356563233486,-114.09465434746099
CUST_21,Winnipeg,1,178.96,49.88050773192207,-97.14596208997972
CUST_22,Ottawa,1,105.92,45.40106608977363,-75.69055169501671
CUST_23,Vancouver,0,155.43,49.26213030658189,-123.10311433313916
CUST_24,Halifax,3,129.2,44.6337833705809,-63.58284383111861
CUST_25,Montreal,2,204.21,45.52603647139503,-73.60561799201008
CUST_26,Winnipeg,4,75.48,49.91154910838013,-97.14137608443171
CUST_27,Winnipeg,5,168.87,49.89010338636015,-97.11133343047638
CUST_28,Vancouver,1,189.98,49.305401469437186,-123.11509425185139
CUST_29,Halifax,0,79.42,44.62751805689667,-63.57051064275281
CUST_30,Montreal,5,151.31,45.47772333228506,-73.58851635983154
CUST_31,Ottawa,5,81.38,45.438801933184926,-75.72050643180577
CUST_32,Toronto,1,121.21,43.66266286458645,-79.34665416702731
CUST_33,Montreal,0,109.74,45.492483731968335,-73.59578357844563
CUST_34,Vancouver,2,23.89,49.260019782126044,-123.10511075555276
CUST_35,Winnipeg,2,136.97,49.92433263750076,-97.15530692497732
CUST_36,Ottawa,2,125.73,45.38712794898104,-75.69768614561463
CUST_37,Montreal,6,179.16,45.489720481293126,-73.60497133837508
CUST_38,Toronto,6,144.45,43.655641530550355,-79.35489103736887
CUST_39,Toronto,5,211.64,43.687113296168626,-79.3707322109426
CUST_40,Calgary,5,124.28,51.05239500424147,-114.11832212834683
CUST_41,Calgary,0,115.78,51.054339093060264,-114.06104615821327
CUST_42,Edmonton,2,112.63,53.53473632599704,-113.46099980921818
CUST_43,Vancouver,5,102.42,49.29409860450549,-123.09814852821313
CUST_44,Halifax,5,31.69,44.650870186417585,-63.56160518620193
CUST_45,Montreal,1,111.19,45.46991970919165,-73.5755384233589
CUST_46,Montreal,4,37.29,45.51754769706986,-73.55113819542905
CUST_47,Halifax,3,138.08,44.668171867796936,-63.55076193602853
CUST_48,Edmonton,2,70.4,53.56219130097642,-113.49108656340658
CUST_49,Winnipeg,2,84.23,49.89580455851332,-97.16206120344624
CUST_50,Winnipeg,2,93.22,49.87601446233701,-97.14836168597182
CUST_51,Edmonton,6,111.8,53.499940325374304,-113.45976907023305
CUST_52,Winnipeg,4,120.27,49.89827907210803,-97.13986888336301
CUST_53,Calgary,1,163.38,51.066371841194815,-114.13837811439822
CUST_54,Montreal,1,96.9,45.52159964938166,-73.59663446927341
CUST_55,Edmonton,1,139.21,53.56244545686788,-113.50231197406285
CUST_56,Montreal,5,229.23,45.50020478042901,-73.54653949523166
CUST_57,Halifax,3,135.09,44.67051328348063,-63.58070144704814
CUST_58,Toronto,1,112.78,43.669553236477114,-79.32592636690053
CUST_59,Calgary,3,88.83,51.03628032878557,-114.08240624707095
CUST_60,Ottawa,6,112.23,45.43506196033231,-75.73647885044471
CUST_61,Calgary,2,84.55,51.03401381709182,-114.08171422317196
CUST_62,Edmonton,5,130.75,53.55692448463234,-113.48692409996909
CUST_63,Ottawa,2,124.14,45.39554766711397,-75.69195399301317
CUST_64,Toronto,1,33.51,43.62662576382654,-79.37211715498513
CUST_65,Edmonton,7,119.26,53.56728814093888,-113.50084692403608
CUST_66,Vancouver,8,163.05,49.3014802024441,-123.06704451523872
CUST_67,Montreal,0,104.04,45.51436123081152,-73.59192137652593
CUST_68,Toronto,3,93.88,43.65282937642105,-79.33380053211073
CUST_69,Montreal,6,64.89,45.45386351137952,-73.6091895139714
CUST_70,Winnipeg,1,45.68,49.89364048123587,-97.1210981635086
CUST_71,Vancouver,9,153.25,49.2918126633438,-123.13858450780377
CUST_72,Vancouver,3,112.74,49.272034335048815,-123.11269623483594
CUST_73,Toronto,3,150.88,43.63682011614383,-79.37284551203537
CUST_74,Vancouver,6,181.25,49.31161740776308,-123.11492094399647
CUST_75,Ottawa,2,156.85,45.42032422017216,-75.71536600591483
CUST_76,Vancouver,0,98.31,49.29182490339285,-123.13503896365934
CUST_77,Montreal,4,125.79,45.51717162923239,-73.5584162798721
CUST_78,Montreal,0,95.41,45.481660258469894,-73.57586370952794
CUST_79,Edmonton,3,91.67,53.54998814845428,-113.48621537103568
CUST_80,Montreal,5,133.71,45.52808188988954,-73.57107282637287
CUST_81,Edmonton,5,86.71,53.582508463665995,-113.49247312637506
CUST_82,Montreal,4,31.63,45.50248772794429,-73.55835427057293
CUST_83,Ottawa,1,84.47,45.41677112905305,-75.70419336909183
CUST_84,Halifax,1,107.72,44.65414448136275,-63.59515999572004
CUST_85,Edmonton,1,180.86,53.55099674094055,-113.5044692453186
CUST_86,Calgary,2,100.36,51.072468161322625,-114.04798021640333
CUST_87,Winnipeg,3,140.48,49.87521016621666,-97.13605053831847
CUST_88,Toronto,1,113.27,43.64547253827668,-79.36391296906821
CUST_89,Montreal,1,169.06,45.47934617346247,-73.55922478783225
CUST_90,Vancouver,1,166.28,49.262487102284055,-123.11137168830122
CUST_91,Halifax,2,167.05,44.65629548030278,-63.564839018484044
CUST_92,Montreal,3,50.64,45.51788615683274,-73.58681274400743
CUST_93,Vancouver,2,128.27,49.26974116612513,-123.13438581988572
CUST_94,Winnipeg,2,150.36,49.910579895779506,-97.15191058432774
CUST_95,Winnipeg,3,135.26,49.91736957314264,-97.14558695824132
CUST_96,Winnipeg,2,145.46,49.93383211996867,-97.12759561629713
CUST_97,Vancouver,4,122.33,49.284123936976826,-123.11481430390538
CUST_98,Montreal,4,90.21,45.48889370945112,-73.55975166085686
CUST_99,Winnipeg,1,52.12,49.87508856136788,-97.11129361715257
CUST_100,Ottawa,2,94.18,45.3994941360416,-75.68341518135017
CUST_101,Edmonton,1,227.12,53.57111961402807,-113.49665903249993
CUST_102,Vancouver,2,100.57,49.25242709314089,-123.14441570352105
CUST_103,Vancouver,3,41.62,49.30708396971303,-123.13502894016942
CUST_104,Montreal,2,149.31,45.48432017941496,-73.57249010135357
CUST_105,Vancouver,4,154.22,49.26902487604281,-123.10415540345328
CUST_106,Vancouver,3,171.49,49.279697890899804,-123.12128463868213
CUST_107,Winnipeg,4,138.84,49.88106490900867,-97.15149791909776
CUST_108,Montreal,1,153.82,45.52032859509919,-73.58191385771454
CUST_109,Winnipeg,1,193.61,49.93140487903966,-97.13976556417842
CUST_110,Edmonton,1,90.18,53.53297535684894,-113.47602324875567
CUST_111,Halifax,2,82.25,44.64011924321671,-63.5434186138845
CUST_112,Edmonton,2,76.22,53.54285758385432,-113.4979383719606
CUST_113,Halifax,5,109.37,44.65958513526985,-63.576133863615254
CUST_114,Winnipeg,5,177.34,49.89206831442088,-97.16265283412315
CUST_115,Edmonton,2,141.12,53.57386914822105,-113.45503914861801
CUST_116,Montreal,2,139.55,45.524621478331234,-73.59527605676313
CUST_117,Toronto,3,47.23,43.6273607529281,-79.32358175376439
CUST_118,Winnipeg,2,92.27,49.9055573633115,-97.14568071906025
CUST_119,Halifax,1,46.57,44.67917078474619,-63.58722632987681
CUST_120,Ottawa,2,166.85,45.41163438108466,-75.71939307143772
CUST_121,Halifax,5,183.43,44.642878702564126,-63.52703802701186
CUST_122,Ottawa,5,151.18,45.41096926004294,-75.69276316753444
CUST_123,Vancouver,3,80.53,49.272587487689535,-123.12031239125793
CUST_124,Edmonton,4,179.28,53.51275496896178,-113.47608835280892
CUST_125,Ottawa,1,109.87,45.3949637009707,-75.7102096545126
CUST_126,Halifax,3,71.42,44.65031347437474,-63.57520208089538
CUST_127,Vancouver,4,81.42,49.31300095949306,-123.11961127426376
CUST_128,Toronto,3,102.79,43.63880278374963,-79.35725791464696
CUST_129,Montreal,3,121.98,45.48883385394103,-73.54326323841629
CUST_130,Montreal,3,113.55,45.535719421408416,-73.57162908822991
CUST_131,Montreal,3,63.49,45.47952385076368,-73.59831864106738
CUST_132,Ottawa,5,168.53,45.38830513674587,-75.70322294727042
CUST_133,Toronto,3,113.98,43.63449969127725,-79.34203142656573
CUST_134,Ottawa,5,91.45,45.40827431042411,-75.71506286467775
CUST_135,Edmonton,2,164.41,53.5111749383061,-113.51011489586341
CUST_136,Ottawa,2,72.66,45.41896916587451,-75.70811818076253
CUST_137,Toronto,5,54.84,43.67003892699723,-79.32259028679866
CUST_138,Toronto,3,170.9,43.6253509045257,-79.35675816045291
CUST_139,Edmonton,3,195.66,53.54787556437907,-113.46524065962899
CUST_140,Toronto,3,101.52,43.658988713512535,-79.35931400876296
CUST_141,Halifax,6,118.16,44.64709631449451,-63.568738717274876
CUST_142,Toronto,6,74.13,43.65478385179482,-79.3559398534844
CUST_143,Montreal,3,120.22,45.505635545251906,-73.55217433659419
CUST_144,Halifax,5,100.97,44.63250944086163,-63.59760448309131
CUST_145,Halifax,2,115.91,44.678735651440235,-63.56038181040846
CUST_146,Edmonton,4,136.37,53.571079136681526,-113.49154561199381
CUST_147,Calgary,3,76.07,51.068531227944824,-114.08468283633555
CUST_148,Calgary,2,105.53,51.065006514810875,-114.0752074296942
CUST_149,Toronto,4,47.85,43.61957041061134,-79.31633790117935
CUST_150,Halifax,1,105.8,44.66728524755624,-63.57248210990239
CUST_151,Calgary,3,116.26,51.05784502855099,-114.08593756031826
CUST_152,Calgary,1,129.16,51.01400252770112,-114.09597686565657
CUST_153,Toronto,3,129.58,43.646771792897,-79.33690691453138
CUST_154,Calgary,3,156.16,51.05026886898651,-114.06796609505979
CUST_155,Ottawa,1,58.41,45.45481634196249,-75.68329258609823
CUST_156,Vancouver,2,60.55,49.297223477157885,-123.1499824947938
CUST_157,Edmonton,4,141.16,53.52883268545443,-113.51726820905783
CUST_158,Vancouver,2,38.44,49.316636769169044,-123.09780041601496
CUST_159,Toronto,5,127.33,43.651945595254276,-79.34038816706442
CUST_160,Montreal,0,72.79,45.49657217726194,-73.55658798297524
CUST_161,Edmonton,3,182.91,53.53958163606822,-113.51307674064216
CUST_162,Toronto,2,130.02,43.618598895239536,-79.36663474396657
CUST_163,Halifax,0,111.23,44.646568609923676,-63.55541382683616
CUST_164,Montreal,2,169.11,45.51163870514611,-73.5464884469047
CUST_165,Vancouver,2,77.46,49.2750213334495,-123.14250438974058
CUST_166,Toronto,4,85.06,43.65947904954495,-79.37260240991705
CUST_167,Halifax,2,69.54,44.631476178581714,-63.57741085941425
CUST_168,Edmonton,1,85.4,53.543305441714445,-113.50980996906753
CUST_169,Edmonton,1,122.44,53.55245480653217,-113.51022653758092
CUST_170,Winnipeg,0,139.76,49.89893121754127,-97.16340156492855
CUST_171,Halifax,2,158.46,44.61665469820562,-63.58460767696561
CUST_172,Ottawa,4,47.01,45.412749880982574,-75.72028689485266
CUST_173,Calgary,3,113.13,51.07828225860625,-114.09379101806019
CUST_174,Montreal,5,75.67,45.49184007851339,-73.56128816306867
CUST_175,Halifax,5,111.79,44.649080150882234,-63.57634296468575
CUST_176,Winnipeg,3,213.37,49.89340288498902,-97.12867642636935
CUST_177,Calgary,4,131.67,51.07609779517839,-114.10486366870698
CUST_178,Calgary,1,155.98,51.07054036244389,-114.0716853878034
CUST_179,Toronto,3,198.43,43.66722061999637,-79.30550224915669
CUST_180,Calgary,4,165.09,51.02526815373255,-114.07932844968572
CUST_181,Ottawa,4,102.08,45.42871366098384,-75.68069801986856
CUST_182,Edmonton,3,68.97,53.5574828348615,-113.47750286302451
CUST_183,Winnipeg,2,118.79,49.88116590328808,-97.12107002783998
CUST_184,Calgary,2,97.29,51.02732265788305,-114.06854976625885
CUST_185,Toronto,3,59.02,43.685170282944135,-79.33569328034511
CUST_186,Ottawa,3,129.64,45.41551393375566,-75.68321272759974
CUST_187,Vancouver,4,130.64,49.31502853637823,-123.10802907943372
CUST_188,Edmonton,0,190.76,53.56606587510989,-113.51617136347028
CUST_189,Edmonton,2,105.53,53.554281535647505,-113.52797068965089
CUST_190,Winnipeg,4,131.2,49.90418862872719,-97.1694456708683
CUST_191,Edmonton,2,93.38,53.51811560879339,-113.49922619984766
CUST_192,Calgary,4,154.93,51.048868495596686,-114.06000446531155
CUST_193,Toronto,3,115.02,43.67941040825963,-79.36910322555023
CUST_194,Edmonton,2,73.1,53.55975079006371,-113.47534359082832
CUST_195,Edmonton,3,119.46,53.54921073374129,-113.50386850349017
CUST_196,Vancouver,7,135.62,49.316967743916344,-123.13059310422389
CUST_197,Vancouver,3,130.21,49.279028185546785,-123.1374601399176
CUST_198,Montreal,5,161.84,45.489297886499564,-73.60495172718032
CUST_199,Ottawa,8,62.08,45.42460663832156,-75.6926067174313
CUST_200,Calgary,1,86.29,51.06006234736223,-114.03762964574322
CUST_201,Edmonton,2,145.59,53.511768118083836,-113.49507629047066
CUST_202,Halifax,2,90.99,44.65446137286981,-63.6122516328339
CUST_203,Edmonton,1,129.62,53.56233090031073,-113.47821614376768
CUST_204,Toronto,3,23.21,43.64567716749406,-79.37951095980206
CUST_205,Montreal,4,228.64,45.523828295326055,-73.59143668793979
CUST_206,Ottawa,1,109.21,45.434353733248216,-75.70195976344627
CUST_207,Halifax,7,167.76,44.69159166237022,-63.5727821312292
CUST_208,Montreal,6,106.52,45.486676942048376,-73.58742928002334
CUST_209,Winnipeg,2,136.59,49.911752197009925,-97.14392032113132
CUST_210,Ottawa,2,179.68,45.40118352184405,-75.68288975198479
CUST_211,Edmonton,1,166.63,53.513816670974464,-113.47677942230385
CUST_212,Edmonton,0,111.82,53.50541338314364,-113.46879387156372
CUST_213,Ottawa,4,114.59,45.43229648044794,-75.65900462695413
CUST_214,Edmonton,3,160.14,53.54980895827888,-113.47762521356678
CUST_215,Calgary,4,213.33,51.03515197885277,-114.07621773028808
CUST_216,Ottawa,5,127.69,45.386059913321006,-75.68000672417755
CUST_217,Montreal,1,198.28,45.48788126747723,-73.5579216753199
CUST_218,Ottawa,1,110.34,45.421611860153504,-75.68706566044948
CUST_219,Halifax,2,158.08,44.66462738733586,-63.57169462429857
CUST_220,Edmonton,6,164.05,53.54579328499505,-113.51206408204308
CUST_221,Calgary,3,103.6,51.0497742068541,-114.09244492815644
CUST_222,Calgary,3,90.12,51.03721035238052,-114.0738253640215
CUST_223,Winnipeg,2,165.82,49.93012248405054,-97.13539579848307
CUST_224,Montreal,6,98.74,45.481324007113436,-73.58084481845863
CUST_225,Vancouver,1,84.23,49.2687442356543,-123.11227116102783
CUST_226,Vancouver,3,92.64,49.272881838520135,-123.07912268191922
CUST_227,Ottawa,1,98.58,45.432384087959534,-75.73207961438557
CUST_228,Winnipeg,2,154.26,49.874360804204265,-97.12672911044872
CUST_229,Toronto,4,140.6,43.65378437181096,-79.34833449241782
CUST_230,Ottawa,5,148.63,45.424828202868525,-75.6881798888933
CUST_231,Winnipeg,8,136.86,49.88125084058534,-97.1469882940092
CUST_232,Montreal,2,96.25,45.508288589219134,-73.57017719770094
CUST_233,Montreal,2,147.88,45.48153272202525,-73.56466599097983
CUST_234,Montreal,4,167.3,45.479347517150764,-73.5732886776707
CUST_235,Montreal,0,143.38,45.503681115130426,-73.59766682634739
CUST_236,Montreal,4,137.99,45.46849388829044,-73.5719343006129
CUST_237,Winnipeg,3,89.32,49.852241945949,-97.16670267256393
CUST_238,Winnipeg,6,128.47,49.905794666015936,-97.12531013778839
CUST_239,Calgary,2,87.19,51.06571239885182,-114.10919390202156
CUST_240,Halifax,2,119.04,44.63942793762615,-63.55466591241088
CUST_241,Vancouver,3,54.39,49.26936758695805,-123.11214673999594
CUST_242,Edmonton,6,54.7,53.56623470451949,-113.48515522768533
CUST_243,Montreal,0,112.36,45.47877823564002,-73.61054219735696
CUST_244,Toronto,4,98.06,43.623802547505576,-79.35358698876183
CUST_245,Edmonton,4,124.27,53.56027672847417,-113.47075173142682
CUST_246,Winnipeg,3,114.61,49.89531876373025,-97.14874615958061
CUST_247,Toronto,4,121.21,43.6723675347858,-79.36857624299927
CUST_248,Toronto,4,144.34,43.60826468242444,-79.35974840190012
CUST_249,Toronto,4,101.47,43.62305652017763,-79.34838055245278
CUST_250,Calgary,1,111.22,51.04501964119688,-114.08891040900626
CUST_251,Winnipeg,5,178.2,49.90349147396968,-97.11369765535821
CUST_252,Toronto,6,120.12,43.66800994175379,-79.34830835059981
CUST_253,Montreal,0,112.83,45.50518535537618,-73.57836738695896
CUST_254,Ottawa,4,123.3,45.424823103107165,-75.72321987053671
CUST_255,Toronto,2,113.55,43.643281969139395,-79.33732606789442
CUST_256,Calgary,2,91.62,51.07655109809809,-114.06264967410577
CUST_257,Edmonton,3,80.08,53.52406353089059,-113.5096671781237
CUST_258,Winnipeg,1,89.46,49.90231840305112,-97.18310058056628
CUST_259,Halifax,1,154.92,44.62900782330824,-63.567023756208485
CUST_260,Calgary,5,94.8,51.0554285709161,-114.07561906782522
CUST_261,Toronto,0,113.8,43.63032964861224,-79.34029357664149
CUST_262,Winnipeg,2,148.03,49.91001431397001,-97.0992305093272
CUST_263,Ottawa,3,108.86,45.42377209893649,-75.69772963687419
CUST_264,Toronto,2,145.33,43.68596278346517,-79.35729177233685
CUST_265,Calgary,2,58.37,51.03911260705457,-114.09482943935296
CUST_266,Vancouver,1,114.7,49.291228322324955,-123.1269864358299
CUST_267,Montreal,1,123.16,45.486095874390784,-73.56404445300768
CUST_268,Halifax,3,120.93,44.643006139871176,-63.57417285158803
CUST_269,Edmonton,1,53.88,53.54823898958889,-113.45935369319866
CUST_270,Calgary,2,168.12,51.01418860155057,-114.06190128869068
CUST_271,Winnipeg,0,85.81,49.86678552131631,-97.14107001743014
CUST_272,Halifax,1,133.4,44.66076118599671,-63.58937021157667
CUST_273,Halifax,7,120.32,44.645842263569364,-63.569905544724335
CUST_274,Halifax,6,160.15,44.63690546933904,-63.593379163167654
CUST_275,Toronto,1,207.5,43.63633027639166,-79.34341837840924
CUST_276,Montreal,1,68.39,45.487719224085524,-73.5575077214619
CUST_277,Toronto,4,94.04,43.65332101430016,-79.35134404445543
CUST_278,Winnipeg,5,127.56,49.904038717282326,-97.1509797288813
CUST_279,Toronto,5,75.79,43.60922785540749,-79.39072093694669
CUST_280,Vancouver,0,151.29,49.3109856811354,-123.0978612654716
CUST_281,Montreal,5,153.73,45.52852301525884,-73.5591899921951
CUST_282,Montreal,3,142.38,45.455075904729064,-73.5587036543683
CUST_283,Winnipeg,7,129.46,49.916856533926456,-97.16960104671554
CUST_284,Edmonton,3,174.79,53.56722837702662,-113.4662262260052
CUST_285,Vancouver,3,73.77,49.28273790988376,-123.13004233733237
CUST_286,Calgary,3,122.61,51.018789627562306,-114.07765890605398
CUST_287,Toronto,4,90.45,43.6713745618333,-79.36840073710837
CUST_288,Ottawa,4,155.6,45.41670537867405,-75.73293191462679
CUST_289,Toronto,3,46.67,43.662047576876375,-79.32386807376552
CUST_290,Halifax,3,118.88,44.693148025439235,-63.54950705261205
CUST_291,Toronto,3,133.41,43.65610673501247,-79.35032556302707
CUST_292,Calgary,2,82.1,51.02639530616563,-114.08547069139613
CUST_293,Toronto,4,94.95,43.6443553801016,-79.35455588338269
CUST_294,Vancouver,1,120.62,49.26694009279518,-123.12773029980072
CUST_295,Vancouver,0,158.2,49.29139879434897,-123.1447351944436
CUST_296,Montreal,7,78.69,45.485567648825004,-73.57310110430888
CUST_297,Winnipeg,1,85.66,49.88568097155301,-97.13531196014131
CUST_298,Edmonton,1,165.02,53.52043539251185,-113.47345985504703
CUST_299,Ottawa,1,109.08,45.41888825988961,-75.69690811671973
CUST_300,Halifax,3,88.9,44.65229909586604,-63.606766034177994
CUST_301,Toronto,1,149.15,43.59737423905765,-79.33994404273602
CUST_302,Toronto,3,100.47,43.6562614712296,-79.3521336112334
CUST_303,Calgary,6,161.1,51.04381899537807,-114.04447480612032
CUST_304,Winnipeg,1,93.45,49.87983816102488,-97.10978484395912
CUST_305,Vancouver,2,113.62,49.3233015784854,-123.09144891375466
CUST_306,Ottawa,3,157.8,45.440699530552095,-75.70842475870747
CUST_307,Montreal,3,110.95,45.47976095027697,-73.52745889853325
CUST_308,Vancouver,7,150.24,49.299493737591426,-123.1137191499021
CUST_309,Halifax,5,117.38,44.67365396152042,-63.542711391886634
CUST_310,Winnipeg,2,199.27,49.897778418452354,-97.14842639227663
CUST_311,Halifax,1,182.75,44.655992840738946,-63.58121093475219
CUST_312,Edmonton,7,66.88,53.55289093333843,-113.48834245294657
CUST_313,Montreal,5,140.89,45.45997268282154,-73.56421844780772
CUST_314,Edmonton,3,87.34,53.54238660806299,-113.46872676113063
CUST_315,Calgary,2,127.66,51.03995474316032,-114.07652558637096
CUST_316,Halifax,3,122.73,44.6773671127312,-63.551946700193795
CUST_317,Calgary,2,77.78,51.05140755727124,-114.05723830985734
CUST_318,Toronto,4,162.34,43.645117780757666,-79.35128284437214
CUST_319,Edmonton,3,128.13,53.54432150518018,-113.48072946765036
CUST_320,Winnipeg,3,108.61,49.91560571163255,-97.14783930093665
CUST_321,Halifax,6,102.48,44.645072306735095,-63.528234883999886
CUST_322,Ottawa,1,125.59,45.40756608933817,-75.75047964642148
CUST_323,Montreal,4,136.32,45.49617495614158,-73.5537971359101
CUST_324,Vancouver,2,115.0,49.30154292287646,-123.15602991818554
CUST_325,Winnipeg,2,6.7,49.90506129811196,-97.14288713406437
CUST_326,Winnipeg,3,120.68,49.89602335946699,-97.14008616178943
CUST_327,Calgary,3,62.34,51.0485637859889,-114.04173032882173
CUST_328,Edmonton,1,111.62,53.534929150528086,-113.50766604424155
CUST_329,Halifax,3,63.82,44.64488501199115,-63.549078761686765
CUST_330,Halifax,2,63.34,44.63549791356451,-63.5988153328045
CUST_331,Toronto,4,169.4,43.645174414314,-79.3200816055249
CUST_332,Toronto,6,107.2,43.67799356527253,-79.35650190883807
CUST_333,Montreal,5,104.13,45.48013156377245,-73.56578730961517
CUST_334,Calgary,5,139.3,51.03095864667154,-114.07861057326221
CUST_335,Winnipeg,3,105.18,49.87005202274129,-97.11272673051769
CUST_336,Halifax,3,204.15,44.61934582485625,-63.553484203135326
CUST_337,Ottawa,0,109.08,45.41779456171609,-75.68832296558831
CUST_338,Calgary,3,134.61,51.03238081636398,-114.09492036769174
CUST_339,Montreal,4,158.84,45.536922778615846,-73.5815564373606
CUST_340,Montreal,6,184.09,45.49603206907644,-73.58782753051013
CUST_341,Calgary,2,90.32,51.070520937268604,-114.11684585773584
CUST_342,Montreal,1,103.28,45.52104912949881,-73.542029637963
CUST_343,Calgary,2,170.98,51.04055391689552,-114.07843947052686
CUST_344,Vancouver,2,152.4,49.32493171164172,-123.12750787928584
CUST_345,Calgary,1,163.01,51.0501036797293,-114.04196095533149
CUST_346,Edmonton,2,65.25,53.57638418532008,-113.50334277204773
CUST_347,Calgary,5,181.92,51.072664937831625,-114.08869241871372
CUST_348,Montreal,6,89.54,45.509981959702095,-73.5717509124103
CUST_349,Halifax,4,127.69,44.663786616956116,-63.59789238103754
CUST_350,Edmonton,2,114.07,53.558605428302386,-113.48693588461424
CUST_351,Montreal,5,84.86,45.478803771372164,-73.57472924156528
CUST_352,Toronto,4,63.5,43.65221580708906,-79.35716042821187
CUST_353,Toronto,3,50.25,43.67255494467889,-79.3588930634404
CUST_354,Halifax,4,124.76,44.67928772634723,-63.57736342987685
CUST_355,Halifax,0,58.99,44.63435120656336,-63.573569377489605
CUST_356,Edmonton,2,74.65,53.55670062603626,-113.50422250176815
CUST_357,Vancouver,2,111.28,49.28574640426555,-123.12791331872191
CUST_358,Halifax,3,14.45,44.64640651870837,-63.57686945653639
CUST_359,Toronto,5,151.16,43.658190052584494,-79.35066336271079
CUST_360,Calgary,3,23.6,51.04909294821332,-114.0712614806625
CUST_361,Montreal,5,116.91,45.51251715137745,-73.58078941606496
CUST_362,Toronto,2,120.6,43.679904335219,-79.32692314181747
CUST_363,Toronto,4,141.52,43.66675255181729,-79.34507843645181
CUST_364,Vancouver,5,118.33,49.288940825177455,-123.1308149350565
CUST_365,Edmonton,2,200.72,53.58341650113646,-113.48693531565243
CUST_366,Edmonton,1,128.65,53.56832259191761,-113.49531037197639
CUST_367,Winnipeg,0,162.14,49.893290031227934,-97.17305052708967
CUST_368,Vancouver,4,91.06,49.25838659195295,-123.11391894619557
CUST_369,Calgary,3,124.83,51.02497638638159,-114.09227312404768
CUST_370,Edmonton,4,181.9,53.564788648966314,-113.47513444433538
CUST_371,Montreal,1,110.49,45.48908275041494,-73.57209099277787
CUST_372,Halifax,1,127.69,44.62860289045776,-63.559637594052184
CUST_373,Vancouver,2,159.23,49.26756729346626,-123.13334237106396
CUST_374,Halifax,2,90.31,44.635016313758186,-63.57384041465719
CUST_375,Toronto,1,33.54,43.66808295335564,-79.32281012998986
CUST_376,Montreal,2,130.22,45.49855415848435,-73.57263633092829
CUST_377,Montreal,5,159.55,45.47424150799401,-73.57907234197472
CUST_378,Toronto,2,65.94,43.65169089795524,-79.33391418772436
CUST_379,Vancouver,3,146.81,49.287174322648966,-123.10802476806498
CUST_380,Toronto,4,147.08,43.64148326277118,-79.3579899826683
CUST_381,Halifax,2,29.06,44.67188170168385,-63.61494822040836
CUST_382,Winnipeg,2,82.55,49.88671922228616,-97.15057445954997
CUST_383,Montreal,2,104.17,45.52385575373274,-73.55370880956627
CUST_384,Ottawa,5,112.82,45.433465655593494,-75.71269368378847
CUST_385,Ottawa,3,90.27,45.44006211016089,-75.69741175674032
CUST_386,Halifax,2,88.12,44.62679298318387,-63.58838869875933
CUST_387,Calgary,4,186.86,51.04669920384476,-114.11052634325053
CUST_388,Edmonton,7,115.7,53.5450674399085,-113.5073326235408
CUST_389,Toronto,1,92.2,43.62262986950185,-79.3335523595862
CUST_390,Toronto,7,118.35,43.67317121459605,-79.39442004960131
CUST_391,Calgary,3,141.48,51.02838498206185,-114.06683965299048
CUST_392,Calgary,1,122.07,51.03254164342328,-114.09560438462799
CUST_393,Halifax,2,111.77,44.628497683288046,-63.56307015861052
CUST_394,Halifax,1,94.0,44.66278772652141,-63.56095262128253
CUST_395,Calgary,4,93.51,51.01421440562455,-114.07532195869823
CUST_396,Montreal,3,96.09,45.51404649600929,-73.57064936317562
CUST_397,Halifax,2,133.55,44.66965427972487,-63.59136625394273
CUST_398,Winnipeg,1,80.23,49.905881568552516,-97.1652856680021
CUST_399,Halifax,2,135.73,44.66301656967693,-63.54127714187333
CUST_400,Toronto,3,176.52,43.666260929391555,-79.36431642854342
CUST_401,Halifax,3,133.03,44.62977551346548,-63.54388307737607
CUST_402,Montreal,1,105.22,45.53038369959329,-73.584446000796
CUST_403,Calgary,7,68.07,51.03553147491733,-114.06137919219324
CUST_404,Toronto,2,183.12,43.6497422476482,-79.36977114319308
CUST_405,Halifax,3,73.2,44.64211125363298,-63.56477109966196
CUST_406,Montreal,4,153.94,45.51151984241754,-73.57376774714307
CUST_407,Winnipeg,3,145.54,49.88437725513725,-97.1446243232135
CUST_408,Halifax,6,110.53,44.65010231448475,-63.56303853660432
CUST_409,Montreal,5,109.48,45.47698212365708,-73.57663882730158
CUST_410,Winnipeg,2,46.57,49.918431304170035,-97.1669369699089
CUST_411,Calgary,1,133.2,51.058147818919004,-114.05665688873181
CUST_412,Halifax,5,144.8,44.64291880476196,-63.59815701179965
CUST_413,Winnipeg,3,76.44,49.88575501939949,-97.12804365431204
CUST_414,Toronto,5,113.77,43.66396256492635,-79.32755506909334
CUST_415,Calgary,1,121.51,51.03058713238728,-114.07939287772705
CUST_416,Toronto,3,143.38,43.6535773063153,-79.32336794311816
CUST_417,Ottawa,3,120.15,45.44475797574862,-75.68755732584277
CUST_418,Vancouver,3,54.95,49.26650385761726,-123.13465522840289
CUST_419,Halifax,2,98.8,44.6561360165824,-63.54721041995468
CUST_420,Winnipeg,1,128.99,49.90145250533871,-97.1612074364348
CUST_421,Vancouver,4,153.66,49.28078226362675,-123.12827200859807
CUST_422,Vancouver,1,95.29,49.27265320831793,-123.12486429607239
CUST_423,Winnipeg,7,207.51,49.91943394113789,-97.12626952597964
CUST_424,Calgary,2,44.22,51.03278162728466,-114.04957433405238
CUST_425,Halifax,3,97.45,44.612523221977405,-63.55418316886195
CUST_426,Ottawa,3,116.68,45.434340671832615,-75.69271803360851
CUST_427,Toronto,6,111.97,43.62704393300464,-79.35262038208927
CUST_428,Montreal,2,70.71,45.5155266228971,-73.60377568483256
CUST_429,Toronto,1,137.91,43.677768064956865,-79.3732979170891
CUST_430,Montreal,5,134.84,45.51428399756797,-73.53192289021418
CUST_431,Toronto,2,121.92,43.672498226037746,-79.38373643975005
CUST_432,Winnipeg,6,133.27,49.935538982138596,-97.15406381286485
CUST_433,Ottawa,3,103.05,45.44086520925217,-75.67430087435899
CUST_434,Halifax,4,55.31,44.65537546785251,-63.571044734016056
CUST_435,Montreal,2,91.33,45.53436796367047,-73.54869509857988
CUST_436,Halifax,0,126.28,44.68385951089693,-63.56438243297459
CUST_437,Halifax,3,126.51,44.68413943566519,-63.54584734925279
CUST_438,Halifax,5,121.66,44.63892112969608,-63.56933045426871
CUST_439,Edmonton,3,141.95,53.519043632830034,-113.48055404541698
CUST_440,Calgary,2,96.75,51.0336691563313,-114.08636793064116
CUST_441,Toronto,3,121.07,43.66514283231586,-79.33528834048843
CUST_442,Halifax,3,142.88,44.65194717890664,-63.58316152195979
CUST_443,Toronto,2,116.6,43.64694038029646,-79.35607711735962
CUST_444,Halifax,2,70.27,44.6599736279761,-63.55734452970706
CUST_445,Montreal,3,81.54,45.47227289836653,-73.54922353247882
CUST_446,Calgary,2,153.23,51.047556385973834,-114.03811415688507
CUST_447,Calgary,1,175.7,51.06710215289696,-114.03941773629028
CUST_448,Winnipeg,2,167.01,49.906124312891166,-97.12002769677282
CUST_449,Edmonton,4,129.29,53.55996019643668,-113.52823191220475
CUST_450,Winnipeg,4,71.87,49.92708545579905,-97.10182038034101
CUST_451,Winnipeg,4,119.75,49.89381513430253,-97.12001464658667
CUST_452,Winnipeg,3,182.49,49.882076166773,-97.15369120180172
CUST_453,Winnipeg,3,144.74,49.9189283008533,-97.12379581688874
CUST_454,Winnipeg,1,111.7,49.91856041262068,-97.15911931481925
CUST_455,Ottawa,4,145.15,45.43269583349511,-75.6848203975978
CUST_456,Calgary,2,69.22,51.04152557998835,-114.09820840082148
CUST_457,Winnipeg,2,92.17,49.89516559302016,-97.15453836817574
CUST_458,Halifax,2,76.63,44.62322854095738,-63.561040417415995
CUST_459,Calgary,6,138.78,51.066991930604146,-114.05042526514015
CUST_460,Calgary,1,148.56,51.06628602619058,-114.06537426281132
CUST_461,Vancouver,2,113.85,49.25649534499067,-123.12646137273376
CUST_462,Ottawa,2,85.08,45.43888264167812,-75.73949032590033
CUST_463,Winnipeg,2,119.21,49.90322003310018,-97.14255442199303
CUST_464,Toronto,5,100.54,43.630630517792184,-79.33634529846351
CUST_465,Montreal,3,88.15,45.47756899597855,-73.57359130211871
CUST_466,Edmonton,1,133.56,53.55359386538803,-113.4942745588219
CUST_467,Halifax,3,89.68,44.64080991772186,-63.57895134935836
CUST_468,Toronto,5,57.35,43.687468977010994,-79.35344912435643
CUST_469,Ottawa,4,66.24,45.440581967892975,-75.6956754522008
CUST_470,Montreal,4,55.87,45.51116286273464,-73.57270989164304
CUST_471,Ottawa,5,129.9,45.431991580080044,-75.66832720892737
CUST_472,Halifax,2,126.02,44.67538134360734,-63.61936737696768
CUST_473,Calgary,3,124.02,51.06166336183455,-114.08279985171941
CUST_474,Montreal,2,143.51,45.51168432876992,-73.58466112447034
CUST_475,Calgary,8,167.68,51.02512777647405,-114.06750078799931
CUST_476,Halifax,3,96.31,44.710002939308126,-63.57369610428234
CUST_477,Toronto,4,136.26,43.629006344853835,-79.31457113796901
CUST_478,Halifax,5,56.82,44.64251314525799,-63.53621615903405
CUST_479,Toronto,4,175.15,43.617975434471795,-79.3624766691114
CUST_480,Montreal,3,70.21,45.51246496317538,-73.56724599869933
CUST_481,Montreal,3,91.6,45.5047112087457,-73.56332991166151
CUST_482,Winnipeg,1,96.09,49.910443528767296,-97.15433027496674
CUST_483,Ottawa,4,58.95,45.38674868737791,-75.68462535927925
CUST_484,Winnipeg,4,121.3,49.91739611334762,-97.1431641473753
CUST_485,Ottawa,3,128.56,45.405381291970606,-75.71854569701202
CUST_486,Winnipeg,2,112.42,49.892157896012726,-97.14396536608533
CUST_487,Calgary,5,58.39,51.06336442537362,-114.09183649145481
CUST_488,Montreal,1,199.34,45.50691433368264,-73.54652306341161
CUST_489,Toronto,7,141.97,43.657708851133336,-79.30898381489773
CUST_490,Ottawa,3,225.37,45.4375135763981,-75.69229661252211
CUST_491,Halifax,4,87.8,44.657339812798774,-63.57301346463894
CUST_492,Ottawa,2,158.32,45.414707841949024,-75.69414430466252
CUST_493,Toronto,0,151.17,43.64774061743529,-79.32337031942123
CUST_494,Winnipeg,4,108.38,49.89937557357304,-97.11516001992806
CUST_495,Ottawa,3,176.44,45.40361887812907,-75.69950607137096
CUST_496,Edmonton,4,103.78,53.56604417318777,-113.48877120145242
CUST_497,Calgary,3,105.56,51.05050607861615,-114.05883007185646
CUST_498,Montreal,1,-18.86,45.503184525358435,-73.59000974913101
CUST_499,Toronto,0,136.36,43.674919931180625,-79.3227628352516
CUST_500,Montreal,3,66.98,45.49928672713577,-73.53255936217546
